i	{<0002}
y	{<0001}
ɨ	{<0004}
ʉ	{>0004}
ɯ	{>0001}
u	{>0002}
ɪ	{<0022}
ʏ	{<0011}
ʊ	{>0022}
e	{<0020}
ø	{<0010}
ɘ	{<0040}
ɵ	{>0040}
ɤ	{>0010}
o	{>0020}
e̞	{<0220}
ø̞	{<0110}
ə	{<00002}
ɤ̞	{>0110}
o̞	{>0220}
ɛ	{<0200}
œ	{<0100}
ɜ	{<0400}
ɞ	{>0400}
ʌ	{>0100}
ɔ	{>0200}
æ	{<2200}
ɐ	{>00002}
a	{<2000}
ɶ	{<1000}
ä	{<4000}
ɑ	{>1000}
ɒ	{>2000}
ɚ	{<02002}
˞	{<02002a}
ɝ	{<0402}
ᵊ	{<00202}

i̯	{<0002a}
y̑	{<0001a}
ɨ̯	{<0004a}
ʉ̯	{>0004a}
ɯ̯	{>0001a}
u̯	{>0002a}
ɪ̯	{<0022a}
ʏ̯	{<0011a}
ʊ̯	{>0022a}
e̯	{<0020a}
ø̯	{<0010a}
ɘ̯	{<0040a}
ɵ̯	{>0040a}
ɤ̯	{>0010a}
o̯	{>0020a}
ȇ̞	{<0220a}
ø̞̑	{<0110a}
ə̯	{<00002a}
ɤ̞̑	{>0110a}
ȏ̞	{>0220a}
ɛ̯	{<0200a}
œ̯	{<0100a}
ɜ̯	{<0400a}
ɞ̯	{>0400a}
ʌ̯	{>0100a}
ɔ̯	{>0200a}
æ̯	{<2200a}
ɐ̯	{>00002a}
a̯	{<2000a}
ɶ̯	{<1000a}
ä̯	{<4000a}
ɑ̯	{>1000a}
ɒ̯	{>2000a}

̈	{<00001}
̤	{<00001a}
̃	{>00001}
̰	{>00001a}
̥	{<00004}
̊	{<00004a}
̯	{>00004}
̑	{>00004a}
̆	{<0202}
̮	{<0202a}
.	{>0202}
‿	{>0202a}
ː	{<0222}
ˑ	{<0222a}
ˈ	{>0222}
ˌ	{>0222a}
̜	{<2002}
͑	{<2002a}
̹	{>2002}
͗	{>2002a}
̽	{<0404}
͓	{<0404a}
|	{<0101}
‖	{<0101a}

m̥	p n̥
m	p n
ɱ̊	f n̥
ɱ	f n
n̼̊	t̼ n̥
n̼	t̼ n
n̪̊	θ n̥
n̪	θ n
n̥	t n̥
n	t n
n̠̊	ʃ n̥
n̠	ʃ n
ɳ̊	ʂ n̥
ɳ	ʂ n
ȵ̊	ɕ n̥
ȵ	ɕ n
ɲ̊	c n̥
ɲ	c n
ŋ̊	k n̥
ŋ	k n
ɴ̥	q n̥
ɴ	q n

p	p t=
b	p d=
p̪	f t=
b̪	f d=
t̼	t̼ t=
d̼	t̼ d=
t̪	θ t=
d̪	θ d=
t	t t=
d	t d=
t̠	ʃ t=
d̠	ʃ d=
ʈ	ʂ t=
ɖ	ʂ d=
ȶ	ɕ t=
ȡ	ɕ d=
c	c t=
ɟ	c d=
k	k t=
ɡ	k d=
q	q t=
ɢ	q d=
ʡ	ħ t=
ʔ	h t=

pʰ	p th
bʱ	p dh
p̪ʰ	f th
b̪ʱ	f dh
t̼ʰ	t̼ th
d̼ʱ	t̼ dh
t̪ʰ	θ th
d̪ʱ	θ dh
tʰ	t th
dʱ	t dh
t̠ʰ	ʃ th
d̠ʱ	ʃ dh
ʈʰ	ʂ th
ɖʱ	ʂ dh
ȶʰ	ɕ th
ȡʱ	ɕ dh
cʰ	c th
ɟʱ	c dh
kʰ	k th
ɡʱ	k dh
qʰ	q th
ɢʱ	q dh
ʡʰ	ħ th

ɸ	p s
β	p z
f	f s
v	f z
θ̼	t̼ s
ð̼	t̼ z
θ	θ s
ð	θ z
s̪	θ S
z̪	θ Z
θ̠	t S
ð̠	t Z
s	t s
z	t z
ɹ̠̊˔	ʃ S
ɹ̠˔	ʃ Z
ʃ	ʃ s
ʒ	ʃ z
ɻ̊˔	ʂ S
ɻ˔	ʂ Z
ʂ	ʂ s
ʐ	ʂ z
ɕ	ɕ s
ʑ	ɕ z
ç	c s
ʝ	c z
x	k s
ɣ	k z
χ	q s
ʁ	q z
ħ	ħ s
ʕ	ħ z
h	h s
ɦ	h z

pɸ	p ts
bβ	p dz
p̪f	f ts
b̪v	f dz
t̼θ̼	t̼ ts
d̼ð̼	t̼ dz
t̪θ	θ ts
d̪ð	θ dz
ts	t ts
dz	t dz
tʃ	ʃ ts
dʒ	ʃ dz
ʈʂ	ʂ ts
ɖʐ	ʂ dz
tɕ	ɕ ts
dʑ	ɕ dz
cç	c ts
ɟʝ	c dz
kx	k ts
ɡɣ	k dz
qχ	q ts
ɢʁ	q dz
ʡʜ	ħ ts
ʔh	h ts

pɸʰ	p tsh
bβʱ	p dzh
p̪fʰ	f tsh
b̪vʱ	f dzh
t̼θ̼ʰ	t̼ tsh
d̼ð̼ʱ	t̼ dzh
t̪θʰ	θ tsh
d̪ðʱ	θ dzh
tsʰ	t tsh
dzʱ	t dzh
tʃʰ	ʃ tsh
dʒʱ	ʃ dzh
ʈʂʰ	ʂ tsh
ɖʐʱ	ʂ dzh
tɕʰ	ɕ tsh
dʑʱ	ɕ dzh
cçʰ	c tsh
ɟʝʱ	c dzh
kxʰ	k tsh
ɡɣʱ	k dzh
qχʰ	q tsh
ɢʁʱ	q dzh

β̞̊	p ȷ̊
β̞	p j
ʋ̥	f ȷ̊
ʋ	f j
ɹ̼̊	t̼ ȷ̊
ɹ̼	t̼ j
θ̞	θ ȷ̊
ð̞	θ j
ɹ̥	t ȷ̊
ɹ	t j
ɹ̠̊	ʃ ȷ̊
ɹ̠	ʃ j
ɻ̊	ʂ ȷ̊
ɻ	ʂ j
ȷ̊	c ȷ̊
j	c j
ɰ̊	k ȷ̊
ɰ	k j
χ᫛	q ȷ̊
ʁ̞	q j
ħ̞	ħ ȷ̊
ʕ̞	ħ j
˷̊	h ȷ̊
˷	h j

ⱱ̟̊	p ɾ̥
ⱱ̟	p ɾ
ⱱ̥	f ɾ̥
ⱱ	f ɾ
ɾ̼̊	t̼ ɾ̥
ɾ̼	t̼ ɾ
ɾ̪̊	θ ɾ̥
ɾ̪	θ ɾ
ɾ̥	t ɾ̥
ɾ	t ɾ
ɾ̠̊	ʃ ɾ̥
ɾ̠	ʃ ɾ
ɽ̊	ʂ ɾ̥
ɽ	ʂ ɾ
q̆	q ɾ̥
ɢ̆	q ɾ
ħ̆	ħ ɾ̥
ʡ̆	ħ ɾ

ʙ̥	p r̥
ʙ	p r
ʙ̪̊	f r̥
ʙ̪	f r
r̼̊	t̼ r̥
r̼	t̼ r
r̪̊	θ r̥
r̪	θ r
r̥	t r̥
r	t r
r̠̊	ʃ r̥
r̠	ʃ r
ɽ̊r̥	ʂ r̥
ɽr	ʂ r
ʀ̥	q r̥
ʀ	q r
ʜ	ħ r̥
ʢ	ħ r

ɬ̼	t̼ ɬ
ɮ̼	t̼ ɮ
ɬ̪	θ ɬ
ɮ̪	θ ɮ
ɬ	t ɬ
ɮ	t ɮ
ɬ̠	ʃ ɬ
ɮ̠	ʃ ɮ
ꞎ	ʂ ɬ
𝼅	ʂ ɮ
𝼆	c ɬ
ʎ̝	c ɮ
𝼄	k ɬ
ʟ̝	k ɮ

tɬ	t tɬ
dɮ	t dɮ
ʈꞎ	ʂ tɬ
ɖ𝼅	ʂ dɮ
c𝼆	c tɬ
ɟʎ̝	c dɮ
k𝼄	k tɬ
ɡʟ̝	k dɮ
tɬ	t tɬ

tɬʰ	t tɬh
dɮʱ	t dɮh
ʈꞎʰ	ʂ tɬh
ɖ𝼅ʱ	ʂ dɮh
c𝼆ʰ	c tɬh
ɟʎ̝ʱ	c dɮh
k𝼄ʰ	k tɬh
ɡʟ̝ʱ	k dɮh

l̼̊	t̼ l̥
l̼	t̼ l
l̪̊	θ l̥
l̪	θ l
l̥	t l̥
l	t l
l̠̊	ʃ l̥
l̠	ʃ l
ɭ̊	ʂ l̥
ɭ	ʂ l
ʎ̥	c l̥
ʎ	c l
ʟ̥	k l̥
ʟ	k l
ʟ̠̊	q l̥
ʟ̠	q l

ɺ̼̊	t̼ ɺ̥
ɺ̼	t̼ ɺ
ɺ̪̊	θ ɺ̥
ɺ̪	θ ɺ
ɺ̥	t ɺ̥
ɺ	t ɺ
ɺ̠̊	ʃ ɺ̥
ɺ̠	ʃ ɺ
𝼈̊	ʂ ɺ̥
𝼈	ʂ ɺ
ʎ̥̆	c ɺ̥
ʎ̆	c ɺ
ʟ̥̆	k ɺ̥
ʟ̆	k ɺ

ɓ̥	p ɗ̥
ɓ	p ɗ
ɗ̥	t ɗ̥
ɗ	t ɗ
ᶑ̥	ʂ ɗ̥
ᶑ	ʂ ɗ
ʄ̥	c ɗ̥
ʄ	c ɗ
ɠ	k ɗ̥
ɠ̊	k ɗ
ʛ̥	q ɗ̥
ʛ	q ɗ

pʼ	p tʼ
tʼ	t tʼ
ʈʼ	ʂ tʼ
cʼ	c tʼ
kʼ	k tʼ
qʼ	q tʼ

ɸʼ	p sʼ
fʼ	f sʼ
θʼ	θ sʼ
sʼ	t sʼ
ʃʼ	ʃ sʼ
ʂʼ	ʂ sʼ
ɕʼ	ɕ sʼ
xʼ	k sʼ
χʼ	q sʼ
ʼ	h sʼ

t̪θʼ	θ tsʼ
tsʼ	t tsʼ
t̠ʃʼ	ʃ tsʼ
ʈʂʼ	ʂ tsʼ
kxʼ	k tsʼ
qχʼ	q tsʼ

ɬʼ	t ɬʼ
tɬʼ	t tɬʼ
c𝼆ʼ	c tɬʼ
k𝼄ʼ	k tɬʼ

ʘ	p ǃ
ǀ	θ ǃ
ǃ	t ǃ
𝼊	ʂ ǃ
ǂ	c ǃ
ǁ	h ǃ

n͡m	t,p n
ɳ͡m	ʂ,p n
ŋ͡m	k,p n
ɥ̊	c,p ȷ̊
ɥ	c,p j
ʍ	k,p s
w	k,p j
ɧ	ʃ,k s
ɫ	k,t l
t͡p	t,p t=
d͡b	t,p d=
ʈ͡p	ʂ,p t=
ɖ͡b	ʂ,p d=
k͡p	k,p t=
ɡ͡b	k,p d=
q͡ʡ	q,ħ t=
q͡p	q,p t=
ɠ̊͜ɓ̥	k,p ɗ̥
ɠ͡ɓ	k,p ɗ
t͡pʼ	t,p tʼ

ʷ	p dc
̼	t̼ dc
᫥	t̼ DC
̬	f dc
̠	ʃ dc
᫢	ʃ DC
ʲ	c dc
̚	ɕ dc
ᶿ	ɕ DC
̻	t dc
᫤	t DC
̺	ʂ dc
᫣	ʂ DC
̪	θ dc
͆	θ DC
ˠ	k dc
ˣ	k DC
̴	q dc
ˤ	ħ dc
𐞴	ħ DC
ʰ	h dc
ʱ	h DC
ʷʰ	p,h dc
ʷʱ	p,h DC

˥	˥ ↑
˦	˦ ↑
˧	˧ ↑
˨	˨ ↑
˩	˩ ↑
꜒	꜒ ↑
꜓	꜓ ↑
꜔	꜔ ↑
꜕	꜕ ↑
꜖	꜖ ↑

˦˥	˥,˦ ↑
˥˦	˥,˦ ↓
˧˥	˥,˧ ↑
˥˧	˥,˧ ↓
˨˥	˥,˨ ↑
˥˨	˥,˨ ↓
˩˥	˥,˩ ↑
˥˩	˥,˩ ↓
˧˦	˦,˧ ↑
˦˧	˦,˧ ↓
˨˦	˦,˨ ↑
˦˨	˦,˨ ↓
˩˦	˦,˩ ↑
˦˩	˦,˩ ↓
˨˧	˧,˨ ↑
˧˨	˧,˨ ↓
˩˧	˧,˩ ↑
˧˩	˧,˩ ↓
˩˨	˨,˩ ↑
˨˩	˨,˩ ↓

꜓꜒	꜒,꜓ ↑
꜒꜓	꜒,꜓ ↓
꜔꜒	꜒,꜔ ↑
꜒꜔	꜒,꜔ ↓
꜕꜒	꜒,꜕ ↑
꜒꜕	꜒,꜕ ↓
꜖꜒	꜒,꜖ ↑
꜒꜖	꜒,꜖ ↓
꜔꜓	꜓,꜔ ↑
꜓꜔	꜓,꜔ ↓
꜕꜓	꜓,꜕ ↑
꜓꜕	꜓,꜕ ↓
꜖꜓	꜓,꜖ ↑
꜓꜖	꜓,꜖ ↓
꜕꜔	꜔,꜕ ↑
꜔꜕	꜔,꜕ ↓
꜖꜔	꜔,꜖ ↑
꜔꜖	꜔,꜖ ↓
꜖꜕	꜕,꜖ ↑
꜕꜖	꜕,꜖ ↓

˦˥˦	꜒,˦ ↑
˥˦˥	꜒,˦ ↓
˧˥˧	˥,꜔ ↑
˥˧˥	˥,꜔ ↓
˨˥˨	꜒,˨ ↑
˥˨˥	꜒,˨ ↓
˩˥˩	˥,꜖ ↑
˥˩˥	˥,꜖ ↓
˧˦˧	˦,꜔ ↑
˦˧˦	˦,꜔ ↓
˨˦˨	꜓,˨ ↑
˦˨˦	꜓,˨ ↓
˩˦˩	˦,꜖ ↑
˦˩˦	˦,꜖ ↓
˨˧˨	꜔,˨ ↑
˧˨˧	꜔,˨ ↓
˩˧˩	꜔,˩ ↑
˧˩˧	꜔,˩ ↓
˩˨˩	˨,꜖ ↑
˨˩˨	˨,꜖ ↓

˨˩˦	˨,˩,˦ ↑

̋	e̋ ↑
́	é ↑
̄	ē ↑
̀	è ↑
̏	ȅ ↑
̌	e̋,ȅ ↑
̂	e̋,ȅ ↓
᷈	e̋,ē,ȅ ↑
᷉	e̋,ē,ȅ ↓
᷄	e̋,ē ↑
᷅	ȅ,ē ↑
᷇	e̋,ē ↓
᷆	ȅ,ē ↓

↓	˩ ↓
↑	˥ ↓
↗	˦ ↓
↘	˨ ↓
